{
"dist_coeff": [-0.281325798, 0.0291150014, 0.00121234399, -0.000140823665, 0.154861424],
"camera_matrix": [[532.80990646, 0.0, 342.49522219], [0.0, 532.93344713, 233.88792491], [0.0, 0.0, 1.0]]
}